EmpID,Employee_Name,Sex,Department,Position,ManagerName,DateofHire,DateofTermination,Hire_Year,Hire_Month,EmploymentStatus,Status,Attrition_Flag,TermReason,Salary,PerformanceScore,PerformanceScore_Num,EngagementSurvey,EmpSatisfaction,DaysLateLast30,Absences,SpecialProjectsCount,RecruitmentSource,Age,Tenure_Years,State,MaritalDesc,RaceDesc,Termd
10026,"Adinolfi, Wilson  K",M ,Production       ,Production Technician I,Michael Albert,2011-07-05,,2011,2011-07,Active,Active,0,N/A-StillEmployed,62506,Exceeds,4,4.6,5,0,1,0,LinkedIn,40,12.5,MA,Single,White,0
10084,"Ait Sidi, Karthikeyan   ",M ,IT/IS,Sr. DBA,Simon Roup,2015-03-30,2016-06-16,2015,2015-03,Voluntarily Terminated,Terminated,1,career change,104437,Fully Meets,3,4.96,3,0,17,6,Indeed,49,1.2,MA,Married,White,1
10196,"Akinkuolie, Sarah",F,Production       ,Production Technician II,Kissy Sullivan,2011-07-05,2012-09-24,2011,2011-07,Voluntarily Terminated,Terminated,1,hours,64955,Fully Meets,3,3.02,3,0,3,0,LinkedIn,35,1.2,MA,Married,White,1
10088,"Alagbe,Trina",F,Production       ,Production Technician I,Elijiah Gray,2008-01-07,,2008,2008-01,Active,Active,0,N/A-StillEmployed,64991,Fully Meets,3,4.84,5,0,15,0,Indeed,35,16.0,MA,Married,White,0
10069,"Anderson, Carol ",F,Production       ,Production Technician I,Webster Butler,2011-07-11,2016-09-06,2011,2011-07,Voluntarily Terminated,Terminated,1,return to school,50825,Fully Meets,3,5.0,4,0,2,0,Google Search,34,5.2,MA,Divorced,White,1
10002,"Anderson, Linda  ",F,Production       ,Production Technician I,Amy Dunn,2012-01-09,,2012,2012-01,Active,Active,0,N/A-StillEmployed,57568,Exceeds,4,5.0,5,0,15,0,LinkedIn,47,12.0,MA,Single,White,0
10194,"Andreola, Colby",F,Software Engineering,Software Engineer,Alex Sweetwater,2014-11-10,,2014,2014-11,Active,Active,0,N/A-StillEmployed,95660,Fully Meets,3,3.04,3,0,19,4,LinkedIn,45,9.1,MA,Single,White,0
10062,"Athwal, Sam",M ,Production       ,Production Technician I,Ketsia Liebig,2013-09-30,,2013,2013-09,Active,Active,0,N/A-StillEmployed,59365,Fully Meets,3,5.0,4,0,19,0,Employee Referral,41,10.3,MA,Widowed,White,0
10114,"Bachiochi, Linda",F,Production       ,Production Technician I,Brannon Miller,2009-07-06,,2009,2009-07,Active,Active,0,N/A-StillEmployed,47837,Fully Meets,3,4.46,3,0,4,0,Diversity Job Fair,54,14.5,MA,Single,Black or African American,0
10250,"Bacong, Alejandro ",M ,IT/IS,IT Support,Peter Monroe,2015-01-05,,2015,2015-01,Active,Active,0,N/A-StillEmployed,50178,Fully Meets,3,5.0,5,0,16,6,Indeed,36,9.0,MA,Divorced,White,0
10252,"Baczenski, Rachael  ",F,Production       ,Production Technician I,David Stanley,2011-01-10,2017-01-12,2011,2011-01,Voluntarily Terminated,Terminated,1,Another position,54670,Fully Meets,3,4.2,4,0,12,0,Diversity Job Fair,50,6.0,MA,Married,Black or African American,1
10242,"Barbara, Thomas",M ,Production       ,Production Technician I,Kissy Sullivan,2012-04-02,2016-09-19,2012,2012-04,Voluntarily Terminated,Terminated,1,unhappy,47211,Fully Meets,3,4.2,3,0,15,0,Diversity Job Fair,50,4.5,MA,Married,Black or African American,1
10012,"Barbossa, Hector",M ,IT/IS,Data Analyst,Simon Roup,2014-11-10,,2014,2014-11,Active,Active,0,N/A-StillEmployed,92328,Exceeds,4,4.28,4,0,9,5,Diversity Job Fair,35,9.1,TX,Divorced,Black or African American,0
10265,"Barone, Francesco  A",M ,Production       ,Production Technician I,Kelley Spirea,2012-02-20,,2012,2012-02,Active,Active,0,N/A-StillEmployed,58709,Fully Meets,3,4.6,4,0,7,0,Google Search,40,11.9,MA,Single,Two or more races,0
10066,"Barton, Nader",M ,Production       ,Production Technician I,Michael Albert,2012-09-24,2017-04-06,2012,2012-09,Voluntarily Terminated,Terminated,1,Another position,52505,Fully Meets,3,5.0,5,0,1,0,On-line Web application,46,4.5,MA,Divorced,White,1
10061,"Bates, Norman",M ,Production       ,Production Technician I,Kelley Spirea,2011-02-21,2017-08-04,2011,2011-02,Terminated for Cause,Terminated,1,attendance,57834,Fully Meets,3,5.0,4,0,20,0,Google Search,42,6.5,MA,Single,White,1
10023,"Beak, Kimberly  ",F,Production       ,Production Technician II,Kelley Spirea,2016-07-21,,2016,2016-07,Active,Active,0,N/A-StillEmployed,70131,Exceeds,4,4.4,3,0,16,0,Employee Referral,-42,7.4,MA,Married,White,0
10055,"Beatrice, Courtney ",F,Production       ,Production Technician I,Elijiah Gray,2011-04-04,,2011,2011-04,Active,Active,0,N/A-StillEmployed,59026,Fully Meets,3,5.0,5,0,12,0,Google Search,53,12.7,MA,Single,White,0
10245,"Becker, Renee",F,IT/IS,Database Administrator,Simon Roup,2014-07-07,2015-09-12,2014,2014-07,Terminated for Cause,Terminated,1,performance,110000,Fully Meets,3,4.5,4,0,8,5,Google Search,38,1.2,MA,Single,White,1
10277,"Becker, Scott",M ,Production       ,Production Technician I,Webster Butler,2013-07-08,,2013,2013-07,Active,Active,0,N/A-StillEmployed,53250,Fully Meets,3,4.2,4,0,13,0,LinkedIn,45,10.5,MA,Single,Asian,0
10046,"Bernstein, Sean",M ,Production       ,Production Technician I,Amy Dunn,2012-04-02,,2012,2012-04,Active,Active,0,N/A-StillEmployed,51044,Fully Meets,3,5.0,3,0,13,0,Google Search,53,11.7,MA,Single,White,0
10226,"Biden, Lowan  M",F,Production       ,Production Technician I,Ketsia Liebig,2013-08-19,,2013,2013-08,Active,Active,0,N/A-StillEmployed,64919,Fully Meets,3,4.2,3,0,2,0,Indeed,-35,10.4,MA,Divorced,Asian,0
10003,"Billis, Helen",F,Production       ,Production Technician I,Brannon Miller,2014-07-07,,2014,2014-07,Active,Active,0,N/A-StillEmployed,62910,Exceeds,4,5.0,3,0,19,0,Indeed,34,9.5,MA,Married,White,0
10294,"Blount, Dianna",F,Production       ,Production Technician II,Michael Albert,2011-04-04,,2011,2011-04,Active,Active,0,N/A-StillEmployed,66441,Needs Improvement,2,2.0,3,2,3,0,CareerBuilder,33,12.7,MA,Single,White,0
10267,"Bondwell, Betsy",F,Production       ,Production Technician II,Elijiah Gray,2011-01-10,2014-04-04,2011,2011-01,Voluntarily Terminated,Terminated,1,career change,57815,Fully Meets,3,4.8,5,0,5,0,Google Search,-43,3.2,MA,Single,White,1
10199,"Booth, Frank",M ,IT/IS,Enterprise Architect,Simon Roup,2014-02-17,2016-02-19,2014,2014-02,Terminated for Cause,Terminated,1,Learned that he is a gangster,103613,Fully Meets,3,3.5,5,0,2,7,LinkedIn,-41,2.0,CT,Single,Black or African American,1
10081,"Boutwell, Bonalyn",F,Admin Offices,Sr. Accountant,Brandon R. LeBlanc,2015-02-16,,2015,2015-02,Active,Active,0,N/A-StillEmployed,106367,Fully Meets,3,5.0,4,0,4,3,Diversity Job Fair,37,8.9,MA,Married,Black or African American,0
10175,"Bozzi, Charles",M ,Production       ,Production Manager,Janet King,2013-09-30,2014-08-07,2013,2013-09,Voluntarily Terminated,Terminated,1,retiring,74312,Fully Meets,3,3.39,3,0,14,0,Indeed,54,0.9,MA,Single,Asian,1
10177,"Brill, Donna",F,Production       ,Production Technician I,David Stanley,2012-04-02,2013-06-15,2012,2012-04,Voluntarily Terminated,Terminated,1,Another position,53492,Fully Meets,3,3.35,4,0,6,0,Google Search,33,1.2,MA,Married,White,1
10238,"Brown, Mia",F,Admin Offices,Accountant I,Brandon R. LeBlanc,2008-10-27,,2008,2008-10,Active,Active,0,N/A-StillEmployed,63000,Fully Meets,3,4.5,2,0,14,6,Diversity Job Fair,36,15.2,MA,Married,Black or African American,0
10184,"Buccheri, Joseph  ",M ,Production       ,Production Technician II,Webster Butler,2014-09-29,,2014,2014-09,Active,Active,0,N/A-StillEmployed,65288,Fully Meets,3,3.19,3,0,9,0,Google Search,40,9.3,MA,Single,White,0
10203,"Bugali, Josephine ",F,Production       ,Production Technician I,Kissy Sullivan,2013-11-11,,2013,2013-11,Active,Active,0,N/A-StillEmployed,64375,Fully Meets,3,3.5,5,0,17,0,Diversity Job Fair,54,10.1,MA,Separated,Black or African American,0
10188,"Bunbury, Jessica",F,Sales,Area Sales Manager,John Smith,2011-08-15,2014-08-02,2011,2011-08,Voluntarily Terminated,Terminated,1,Another position,74326,Fully Meets,3,3.14,5,1,19,0,Google Search,-40,3.0,VA,Married,Black or African American,1
10107,"Burke, Joelle",F,Production       ,Production Technician II,Amy Dunn,2012-03-05,,2012,2012-03,Active,Active,0,N/A-StillEmployed,63763,Fully Meets,3,4.51,4,0,3,0,Employee Referral,44,11.8,MA,Single,Black or African American,0
10181,"Burkett, Benjamin ",M ,Production       ,Production Technician II,Ketsia Liebig,2011-04-04,,2011,2011-04,Active,Active,0,N/A-StillEmployed,62162,Fully Meets,3,3.25,5,0,15,0,Indeed,46,12.7,MA,Married,White,0
10150,"Cady, Max ",M ,Software Engineering,Software Engineering Manager,Jennifer Zamora,2011-08-15,,2011,2011-08,Active,Active,0,N/A-StillEmployed,77692,Fully Meets,3,3.84,3,0,4,5,Google Search,-43,12.4,MA,Single,White,0
10001,"Candie, Calvin",M ,Production       ,Production Manager,Janet King,2016-01-28,,2016,2016-01,Active,Active,0,N/A-StillEmployed,72640,Exceeds,4,5.0,3,0,14,0,Indeed,40,7.9,MA,Single,White,0
10085,"Carabbio, Judith",F,Software Engineering,Software Engineer,Alex Sweetwater,2013-11-11,,2013,2013-11,Active,Active,0,N/A-StillEmployed,93396,Fully Meets,3,4.96,4,0,3,6,Indeed,37,10.1,MA,Single,White,0
10115,"Carey, Michael  ",M ,Production       ,Production Technician I,Kelley Spirea,2014-03-31,,2014,2014-03,Active,Active,0,N/A-StillEmployed,52846,Fully Meets,3,4.43,3,0,14,0,LinkedIn,41,9.8,MA,Single,Black or African American,0
10082,"Carr, Claudia  N",F,IT/IS,Sr. DBA,Simon Roup,2016-06-30,,2016,2016-06,Active,Active,0,N/A-StillEmployed,100031,Fully Meets,3,5.0,5,0,7,6,LinkedIn,38,7.5,MA,Single,Black or African American,0
10040,"Carter, Michelle ",F,Sales,Area Sales Manager,John Smith,2014-08-18,,2014,2014-08,Active,Active,0,N/A-StillEmployed,71860,Fully Meets,3,5.0,5,0,7,0,Indeed,-39,9.4,VT,Single,White,0
10067,"Chace, Beatrice ",F,Production       ,Production Technician I,Michael Albert,2014-09-29,,2014,2014-09,Active,Active,0,N/A-StillEmployed,61656,Fully Meets,3,5.0,4,0,11,0,Google Search,-27,9.3,MA,Single,White,0
10108,"Champaigne, Brian",M ,IT/IS,BI Director,Jennifer Zamora,2016-09-06,,2016,2016-09,Active,Active,0,N/A-StillEmployed,110929,Fully Meets,3,4.5,5,0,8,7,Indeed,52,7.3,MA,Married,White,0
10210,"Chan, Lin",F,Production       ,Production Technician I,Elijiah Gray,2014-05-12,,2014,2014-05,Active,Active,0,N/A-StillEmployed,54237,Fully Meets,3,3.3,4,0,11,0,Indeed,45,9.6,MA,Single,White,0
10154,"Chang, Donovan  E",M ,Production       ,Production Technician I,Webster Butler,2013-07-08,,2013,2013-07,Active,Active,0,N/A-StillEmployed,60380,Fully Meets,3,3.8,5,0,4,0,LinkedIn,40,10.5,MA,Single,White,0
10200,"Chigurh, Anton",M ,Sales,Area Sales Manager,Lynn Daneault,2012-05-14,,2012,2012-05,Active,Active,0,N/A-StillEmployed,66808,Fully Meets,3,3.0,5,0,17,0,Employee Referral,54,11.6,TX,Single,Black or African American,0
10240,"Chivukula, Enola",F,Production       ,Production Technician I,Amy Dunn,2011-06-27,2015-11-15,2011,2011-06,Voluntarily Terminated,Terminated,1,relocation out of area,64786,Fully Meets,3,4.3,4,0,3,0,Indeed,40,4.4,MA,Single,White,1
10168,"Cierpiszewski, Caroline  ",F,Production       ,Production Technician I,Ketsia Liebig,2011-10-03,,2011,2011-10,Active,Active,0,N/A-StillEmployed,64816,Fully Meets,3,3.58,5,0,3,0,Indeed,36,12.2,MA,Single,Black or African American,0
10220,"Clayton, Rick",M ,IT/IS,IT Support,Eric Dougall,2012-09-05,,2012,2012-09,Active,Active,0,N/A-StillEmployed,68678,Fully Meets,3,4.7,3,0,2,6,Indeed,38,11.3,MA,Single,White,0
10275,"Cloninger, Jennifer",F,Production       ,Production Technician II,Brannon Miller,2011-05-16,2013-01-07,2011,2011-05,Voluntarily Terminated,Terminated,1,unhappy,64066,Fully Meets,3,4.2,5,0,9,0,Google Search,42,1.6,MA,Married,White,1
10269,"Close, Phil",M ,Production       ,Production Technician II,David Stanley,2010-08-30,2011-09-26,2010,2010-08,Voluntarily Terminated,Terminated,1,career change,59369,Fully Meets,3,4.2,4,0,6,0,Indeed,45,1.1,MA,Married,White,1
10029,"Clukey, Elijian",M ,Production       ,Production Technician I,Brannon Miller,2016-07-06,,2016,2016-07,Active,Active,0,N/A-StillEmployed,50373,Exceeds,4,4.1,4,0,5,0,Employee Referral,43,7.5,MA,Married,White,0
10261,"Cockel, James",M ,Production       ,Production Technician I,David Stanley,2013-07-08,,2013,2013-07,Active,Active,0,N/A-StillEmployed,63108,Fully Meets,3,4.4,5,0,3,0,Employee Referral,46,10.5,MA,Single,White,0
10292,"Cole, Spencer",M ,Production       ,Production Technician I,Kissy Sullivan,2011-07-11,2016-09-23,2011,2011-07,Terminated for Cause,Terminated,1,performance,59144,Needs Improvement,2,2.0,3,5,16,0,LinkedIn,44,5.2,MA,Single,Black or African American,1
10282,"Corleone, Michael",M ,Production       ,Production Manager,Janet King,2010-07-20,,2010,2010-07,Active,Active,0,N/A-StillEmployed,68051,Needs Improvement,2,4.13,2,3,3,0,CareerBuilder,48,13.5,MA,Divorced,White,0
10019,"Corleone, Vito",M ,Production       ,Director of Operations,Janet King,2009-01-05,,2009,2009-01,Active,Active,0,N/A-StillEmployed,170500,Exceeds,4,3.7,5,0,15,0,Indeed,41,15.0,MA,Single,Black or African American,0
10094,"Cornett, Lisa ",F,Production       ,Production Technician I,Kelley Spirea,2015-01-05,,2015,2015-01,Active,Active,0,N/A-StillEmployed,63381,Fully Meets,3,4.73,5,0,6,0,Indeed,47,9.0,MA,Married,White,0
10193,"Costello, Frank",M ,IT/IS,Data Analyst,Simon Roup,2015-03-30,,2015,2015-03,Active,Active,0,N/A-StillEmployed,83552,Fully Meets,3,3.04,3,0,2,6,Indeed,37,8.8,MA,Married,White,0
10132,"Crimmings,   Jean",F,Production       ,Production Technician I,Michael Albert,2016-07-06,,2016,2016-07,Active,Active,0,N/A-StillEmployed,56149,Fully Meets,3,4.12,5,0,15,0,LinkedIn,37,7.5,MA,Single,White,0
10083,"Cross, Noah",M ,IT/IS,Sr. Network Engineer,Peter Monroe,2014-11-10,,2014,2014-11,Active,Active,0,N/A-StillEmployed,92329,Fully Meets,3,5.0,3,0,5,4,Employee Referral,-42,9.1,CT,Single,White,0
10099,"Daneault, Lynn",F,Sales,Sales Manager,Debra Houlihan,2014-05-05,,2014,2014-05,Active,Active,0,N/A-StillEmployed,65729,Fully Meets,3,4.62,4,0,8,0,Indeed,34,9.7,VT,Single,White,0
10212,"Daniele, Ann  ",F,IT/IS,Sr. Network Engineer,Peter Monroe,2014-11-10,,2014,2014-11,Active,Active,0,N/A-StillEmployed,85028,Fully Meets,3,3.1,5,0,19,8,LinkedIn,-28,9.1,CT,Married,White,0
10056,"Darson, Jene'ya ",F,Production       ,Production Technician I,Elijiah Gray,2012-07-02,,2012,2012-07,Active,Active,0,N/A-StillEmployed,57583,Fully Meets,3,5.0,3,0,1,0,Indeed,45,11.5,MA,Married,White,0
10143,"Davis, Daniel",M ,Production       ,Production Technician II,Kissy Sullivan,2011-11-07,,2011,2011-11,Active,Active,0,N/A-StillEmployed,56294,Fully Meets,3,3.96,4,0,6,0,LinkedIn,44,12.2,MA,Single,Two or more races,0
10311,"Dee, Randy",M ,Production       ,Production Technician I,Brannon Miller,2018-07-09,,2018,2018-07,Active,Active,0,N/A-StillEmployed,56991,Fully Meets,3,4.3,4,2,2,3,Indeed,36,5.5,MA,Married,White,0
10070,"DeGweck,  James",M ,Production       ,Production Technician I,Webster Butler,2011-05-16,2016-06-08,2011,2011-05,Voluntarily Terminated,Terminated,1,unhappy,55722,Fully Meets,3,5.0,4,0,14,0,Indeed,46,5.1,MA,Married,White,1
10155,"Del Bosque, Keyla",F,Software Engineering,Software Engineer,Alex Sweetwater,2012-01-09,,2012,2012-01,Active,Active,0,N/A-StillEmployed,101199,Fully Meets,3,3.79,5,0,8,5,CareerBuilder,44,12.0,MA,Single,Black or African American,0
10306,"Delarge, Alex",M ,Sales,Area Sales Manager,John Smith,2014-09-29,,2014,2014-09,Active,Active,0,N/A-StillEmployed,61568,PIP,1,1.93,3,6,5,0,Indeed,48,9.3,AL,Single,Two or more races,0
10100,"Demita, Carla",F,Production       ,Production Technician II,Kelley Spirea,2011-04-04,2015-11-04,2011,2011-04,Voluntarily Terminated,Terminated,1,more money,58275,Fully Meets,3,4.62,5,0,1,0,Google Search,-27,4.6,MA,Separated,Black or African American,1
10310,"Desimone, Carl ",M ,Production       ,Production Technician I,Amy Dunn,2014-07-07,,2014,2014-07,Active,Active,0,N/A-StillEmployed,53189,PIP,1,1.12,2,4,9,0,Indeed,-43,9.5,MA,Married,White,0
10197,"DeVito, Tommy",M ,IT/IS,BI Developer,Brian Champaigne,2017-02-15,,2017,2017-02,Active,Active,0,N/A-StillEmployed,96820,Fully Meets,3,3.01,5,0,15,7,Indeed,40,6.9,MA,Single,White,0
10276,"Dickinson, Geoff ",M ,Production       ,Production Technician I,Ketsia Liebig,2014-05-12,,2014,2014-05,Active,Active,0,N/A-StillEmployed,51259,Fully Meets,3,4.3,4,0,1,0,Indeed,41,9.6,MA,Single,White,0
10304,"Dietrich, Jenna  ",F,Sales,Area Sales Manager,John Smith,2012-02-20,,2012,2012-02,Active,Active,0,N/A-StillEmployed,59231,PIP,1,2.3,1,2,17,0,Website,37,11.9,WA,Single,White,0
10284,"DiNocco, Lily ",F,Production       ,Production Technician I,Brannon Miller,2013-01-07,,2013,2013-01,Active,Active,0,N/A-StillEmployed,61584,Needs Improvement,2,3.88,4,0,6,0,Indeed,45,11.0,MA,Married,Black or African American,0
10207,"Dobrin, Denisa  S",F,Production       ,Production Technician I,David Stanley,2012-04-02,,2012,2012-04,Active,Active,0,N/A-StillEmployed,46335,Fully Meets,3,3.4,5,0,15,0,CareerBuilder,37,11.7,MA,Single,White,0
10133,"Dolan, Linda",F,IT/IS,IT Support,Peter Monroe,2015-01-05,,2015,2015-01,Active,Active,0,N/A-StillEmployed,70621,Fully Meets,3,4.11,4,0,16,6,Employee Referral,35,9.0,MA,Married,White,0
10028,"Dougall, Eric",M ,IT/IS,IT Manager - Support,Jennifer Zamora,2014-01-05,,2014,2014-01,Active,Active,0,N/A-StillEmployed,138888,Exceeds,4,4.3,5,0,4,5,Indeed,53,10.0,MA,Single,Black or African American,0
10006,"Driver, Elle",F,Sales,Area Sales Manager,Lynn Daneault,2011-01-10,,2011,2011-01,Active,Active,0,N/A-StillEmployed,74241,Exceeds,4,4.77,5,0,14,0,Indeed,35,13.0,CA,Single,White,0
10105,"Dunn, Amy  ",F,Production       ,Production Manager,Janet King,2014-09-18,,2014,2014-09,Active,Active,0,N/A-StillEmployed,75188,Fully Meets,3,4.52,4,0,4,0,Google Search,50,9.3,MA,Single,White,0
10211,"Dunne, Amy",F,Production       ,Production Technician I,Ketsia Liebig,2010-04-26,,2010,2010-04,Active,Active,0,N/A-StillEmployed,62514,Fully Meets,3,2.9,3,0,6,0,Google Search,50,13.7,MA,Married,White,0
10064,"Eaton, Marianne",F,Production       ,Production Technician I,Kissy Sullivan,2011-04-04,2017-06-06,2011,2011-04,Voluntarily Terminated,Terminated,1,military,60070,Fully Meets,3,5.0,3,0,7,0,Google Search,32,6.2,MA,Married,White,1
10247,"Engdahl, Jean",M ,Production       ,Production Technician I,Kelley Spirea,2014-11-10,,2014,2014-11,Active,Active,0,N/A-StillEmployed,48888,Fully Meets,3,4.7,5,0,8,0,LinkedIn,50,9.1,MA,Single,White,0
10235,"England, Rex",M ,Production       ,Production Technician I,Kelley Spirea,2014-03-31,,2014,2014-03,Active,Active,0,N/A-StillEmployed,54285,Fully Meets,3,4.2,3,0,3,0,Employee Referral,45,9.8,MA,Married,White,0
10299,"Erilus, Angela",F,Production       ,Production Technician II,Michael Albert,2014-07-07,,2014,2014-07,Active,Active,0,N/A-StillEmployed,56847,PIP,1,3.0,1,2,5,0,Indeed,34,9.5,MA,Separated,White,0
10280,"Estremera, Miguel",M ,Production       ,Production Technician I,Michael Albert,2012-04-02,2018-09-27,2012,2012-04,Terminated for Cause,Terminated,1,attendance,60340,Needs Improvement,2,5.0,4,5,16,0,Google Search,40,6.5,MA,Single,White,1
10296,"Evensen, April",F,Production       ,Production Technician I,Elijiah Gray,2014-02-17,2018-02-25,2014,2014-02,Terminated for Cause,Terminated,1,"no-call, no-show",59124,Needs Improvement,2,2.3,3,5,19,0,Google Search,35,4.0,MA,Single,White,1
10290,"Exantus, Susan",F,Software Engineering,Software Engineer,Alex Sweetwater,2011-05-02,2013-06-05,2011,2011-05,Terminated for Cause,Terminated,1,attendance,99280,Needs Improvement,2,2.1,5,4,19,4,Indeed,37,2.1,MA,Married,Black or African American,1
10263,"Faller, Megan ",F,Production       ,Production Technician II,Elijiah Gray,2014-07-07,,2014,2014-07,Active,Active,0,N/A-StillEmployed,71776,Fully Meets,3,4.4,5,0,17,0,LinkedIn,45,9.5,MA,Married,Black or African American,0
10136,"Fancett, Nicole",F,Production       ,Production Technician II,Webster Butler,2014-02-17,,2014,2014-02,Active,Active,0,N/A-StillEmployed,65902,Fully Meets,3,4.0,4,0,7,0,LinkedIn,36,9.9,MA,Single,Black or African American,0
10189,"Ferguson, Susan",F,Production       ,Production Technician I,Webster Butler,2011-11-07,2016-05-17,2011,2011-11,Voluntarily Terminated,Terminated,1,military,57748,Fully Meets,3,3.13,3,0,16,0,Google Search,-31,4.5,MA,Married,White,1
10308,"Fernandes, Nilson  ",M ,Production       ,Production Technician I,Amy Dunn,2015-05-11,,2015,2015-05,Active,Active,0,N/A-StillEmployed,64057,PIP,1,1.56,5,6,15,0,Indeed,34,8.6,MA,Married,White,0
10309,"Fett, Boba",M ,IT/IS,Network Engineer,Peter Monroe,2015-03-30,,2015,2015-03,Active,Active,0,N/A-StillEmployed,53366,PIP,1,1.2,3,3,2,6,LinkedIn,37,8.8,MA,Single,White,0
10049,"Fidelia,  Libby",F,Production       ,Production Technician I,Brannon Miller,2012-01-09,,2012,2012-01,Active,Active,0,N/A-StillEmployed,58530,Fully Meets,3,5.0,5,0,19,0,Google Search,43,12.0,MA,Married,White,0
10093,"Fitzpatrick, Michael  J",M ,Production       ,Production Technician II,Amy Dunn,2011-05-16,2013-06-24,2011,2011-05,Voluntarily Terminated,Terminated,1,hours,72609,Fully Meets,3,4.76,5,0,20,0,Google Search,42,2.1,MA,Single,White,1
10163,"Foreman, Tanya",F,Production       ,Production Technician II,Ketsia Liebig,2011-04-04,2013-01-09,2011,2011-04,Voluntarily Terminated,Terminated,1,career change,55965,Fully Meets,3,3.66,3,0,6,0,Google Search,40,1.8,MA,Married,White,1
10305,"Forrest, Alex",M ,Sales,Area Sales Manager,Lynn Daneault,2014-09-29,2018-08-19,2014,2014-09,Terminated for Cause,Terminated,1,Fatal attraction,70187,PIP,1,2.0,5,4,7,0,Employee Referral,48,3.9,MA,Married,White,1
10015,"Foss, Jason",M ,IT/IS,IT Director,Jennifer Zamora,2011-04-15,,2011,2011-04,Active,Active,0,N/A-StillEmployed,178000,Exceeds,4,5.0,5,0,15,5,Indeed,43,12.7,MA,Single,Black or African American,0
10080,"Foster-Baker, Amy",F,Admin Offices,Sr. Accountant,Board of Directors,2009-01-05,,2009,2009-01,Active,Active,0,N/A-StillEmployed,99351,Fully Meets,3,5.0,3,0,3,2,Other,45,15.0,MA,Married,White,0
10258,"Fraval, Maruk ",M ,Sales,Area Sales Manager,Lynn Daneault,2011-09-06,,2011,2011-09,Active,Active,0,N/A-StillEmployed,67251,Fully Meets,3,4.3,3,2,7,0,CareerBuilder,-40,12.3,CT,Single,Black or African American,0
10273,"Galia, Lisa",F,IT/IS,IT Support,Eric Dougall,2010-05-01,,2010,2010-05,Active,Active,0,N/A-StillEmployed,65707,Fully Meets,3,4.7,4,0,1,5,LinkedIn,-45,13.7,CT,Single,White,0
10111,"Garcia, Raul",M ,Production       ,Production Technician I,David Stanley,2015-03-30,,2015,2015-03,Active,Active,0,N/A-StillEmployed,52249,Fully Meets,3,4.5,3,0,5,0,Employee Referral,38,8.8,MA,Single,White,0
10257,"Gaul, Barbara",F,Production       ,Production Technician I,Kelley Spirea,2011-05-16,,2011,2011-05,Active,Active,0,N/A-StillEmployed,53171,Fully Meets,3,4.2,4,0,12,0,LinkedIn,40,12.6,MA,Single,Black or African American,0
10159,"Gentry, Mildred",F,Production       ,Production Technician I,Michael Albert,2015-03-30,,2015,2015-03,Active,Active,0,N/A-StillEmployed,51337,Fully Meets,3,3.73,3,0,19,0,LinkedIn,33,8.8,MA,Married,Black or African American,0
10122,"Gerke, Melisa",F,Production       ,Production Technician I,Elijiah Gray,2011-11-07,2016-11-15,2011,2011-11,Voluntarily Terminated,Terminated,1,hours,51505,Fully Meets,3,4.24,4,0,2,0,Diversity Job Fair,54,5.0,MA,Divorced,Black or African American,1
10142,"Gill, Whitney  ",F,Sales,Area Sales Manager,John Smith,2014-07-07,2015-09-05,2014,2014-07,Terminated for Cause,Terminated,1,attendance,59370,Fully Meets,3,3.97,4,0,7,0,CareerBuilder,52,1.2,OH,Widowed,Black or African American,1
10283,"Gilles, Alex",M ,Production       ,Production Technician I,Webster Butler,2012-04-02,2015-06-25,2012,2012-04,Voluntarily Terminated,Terminated,1,military,54933,Needs Improvement,2,3.97,4,3,15,0,Diversity Job Fair,49,3.2,MA,Married,Black or African American,1
10018,"Girifalco, Evelyn",F,Production       ,Production Technician I,Amy Dunn,2014-09-29,,2014,2014-09,Active,Active,0,N/A-StillEmployed,57815,Exceeds,4,3.9,4,0,3,0,Indeed,44,9.3,MA,Single,Two or more races,0
10255,"Givens, Myriam",F,Sales,Area Sales Manager,Lynn Daneault,2015-02-16,,2015,2015-02,Active,Active,0,N/A-StillEmployed,61555,Fully Meets,3,4.5,5,0,20,0,Indeed,34,8.9,IN,Single,White,0
10246,"Goble, Taisha",F,IT/IS,Database Administrator,Simon Roup,2015-02-16,2015-03-15,2015,2015-02,Terminated for Cause,Terminated,1,"no-call, no-show",114800,Fully Meets,3,4.6,4,0,10,4,Indeed,52,0.1,MA,Single,White,1
10228,"Goeth, Amon",M ,IT/IS,IT Support,Peter Monroe,2015-03-30,,2015,2015-03,Active,Active,0,N/A-StillEmployed,74679,Fully Meets,3,4.3,5,0,20,7,LinkedIn,34,8.8,MA,Married,White,0
10243,"Gold, Shenice  ",F,Production       ,Production Technician I,Ketsia Liebig,2013-11-11,,2013,2013-11,Active,Active,0,N/A-StillEmployed,53018,Fully Meets,3,4.3,5,0,7,0,Indeed,32,10.1,MA,Single,White,0
10031,"Gonzalez, Cayo",M ,Production       ,Production Technician I,Brannon Miller,2011-07-11,,2011,2011-07,Active,Active,0,N/A-StillEmployed,59892,Exceeds,4,4.5,4,0,1,0,Diversity Job Fair,54,12.5,MA,Divorced,Black or African American,0
10300,"Gonzalez, Juan",M ,Production       ,Production Technician II,Brannon Miller,2010-04-26,2011-05-30,2010,2010-04,Voluntarily Terminated,Terminated,1,career change,68898,PIP,1,3.0,3,3,10,0,Diversity Job Fair,-41,1.1,MA,Married,Black or African American,1
10101,"Gonzalez, Maria",F,IT/IS,IT Support,Peter Monroe,2015-01-05,,2015,2015-01,Active,Active,0,N/A-StillEmployed,61242,Fully Meets,3,4.61,4,0,11,5,Employee Referral,43,9.0,MA,Separated,White,0
10237,"Good, Susan",F,Production       ,Production Technician II,David Stanley,2014-05-12,,2014,2014-05,Active,Active,0,N/A-StillEmployed,66825,Fully Meets,3,4.6,3,0,20,0,LinkedIn,38,9.6,MA,Married,White,0
10051,"Gordon, David",M ,Production       ,Production Technician I,David Stanley,2012-07-02,,2012,2012-07,Active,Active,0,N/A-StillEmployed,48285,Fully Meets,3,5.0,3,0,2,0,LinkedIn,45,11.5,MA,Married,White,0
10218,"Gosciminski, Phylicia  ",F,Production       ,Production Technician II,Kissy Sullivan,2013-09-30,,2013,2013-09,Active,Active,0,N/A-StillEmployed,66149,Fully Meets,3,4.4,5,0,1,0,Google Search,40,10.3,MA,Separated,American Indian or Alaska Native,0
10256,"Goyal, Roxana",F,Production       ,Production Technician I,Kissy Sullivan,2013-08-19,,2013,2013-08,Active,Active,0,N/A-StillEmployed,49256,Fully Meets,3,4.1,5,0,3,0,LinkedIn,49,10.4,MA,Married,Asian,0
10098,"Gray, Elijiah  ",M ,Production       ,Production Manager,Janet King,2015-06-02,,2015,2015-06,Active,Active,0,N/A-StillEmployed,62957,Fully Meets,3,4.63,3,0,2,0,Employee Referral,42,8.6,MA,Divorced,White,0
10059,"Gross, Paula",F,Production       ,Production Technician I,Kelley Spirea,2011-02-21,2014-01-11,2011,2011-02,Voluntarily Terminated,Terminated,1,more money,63813,Fully Meets,3,5.0,5,0,17,0,CareerBuilder,41,2.9,MA,Divorced,White,1
10234,"Gruber, Hans",M ,IT/IS,BI Developer,Brian Champaigne,2017-04-20,,2017,2017-04,Active,Active,0,N/A-StillEmployed,99020,Fully Meets,3,4.2,5,0,8,5,Indeed,35,6.7,MA,Married,Black or African American,0
10109,"Guilianno, Mike",M ,Sales,Area Sales Manager,John Smith,2012-03-07,2014-10-31,2012,2012-03,Voluntarily Terminated,Terminated,1,relocation out of area,71707,Fully Meets,3,4.5,5,0,20,0,LinkedIn,55,2.7,TN,Single,Two or more races,1
10125,"Handschiegl, Joanne",F,Production       ,Production Technician I,Michael Albert,2011-11-28,,2011,2011-11,Active,Active,0,N/A-StillEmployed,54828,Fully Meets,3,4.2,4,0,13,0,Google Search,47,12.1,MA,Married,White,0
10074,"Hankard, Earnest",M ,Production       ,Production Technician II,Kelley Spirea,2013-11-11,,2013,2013-11,Active,Active,0,N/A-StillEmployed,64246,Fully Meets,3,5.0,3,0,20,0,LinkedIn,35,10.1,MA,Single,White,0
10097,"Harrington, Christie ",F,Production       ,Production Technician I,Webster Butler,2012-01-09,2015-12-15,2012,2012-01,Voluntarily Terminated,Terminated,1,retiring,52177,Fully Meets,3,4.64,4,0,8,0,CareerBuilder,-29,3.9,MA,Single,White,1
10007,"Harrison, Kara",F,Production       ,Production Technician I,Amy Dunn,2014-05-12,,2014,2014-05,Active,Active,0,N/A-StillEmployed,62065,Exceeds,4,4.76,4,0,5,0,CareerBuilder,50,9.6,MA,Married,White,0
10129,"Heitzman, Anthony",M ,Production       ,Production Technician I,Ketsia Liebig,2012-08-13,,2012,2012-08,Active,Active,0,N/A-StillEmployed,46998,Fully Meets,3,4.17,4,0,1,0,Google Search,40,11.4,MA,Single,White,0
10075,"Hendrickson, Trina",F,Production       ,Production Technician II,Kelley Spirea,2011-01-10,2013-06-18,2011,2011-01,Voluntarily Terminated,Terminated,1,hours,68099,Fully Meets,3,5.0,3,0,15,0,CareerBuilder,51,2.4,MA,Single,White,1
10167,"Hitchcock, Alfred",M ,Sales,Area Sales Manager,John Smith,2014-08-18,,2014,2014-08,Active,Active,0,N/A-StillEmployed,70545,Fully Meets,3,3.6,5,0,9,0,Indeed,35,9.4,NH,Married,American Indian or Alaska Native,0
10195,"Homberger, Adrienne  J",F,Production       ,Production Technician II,Michael Albert,2011-08-15,2012-04-07,2011,2011-08,Voluntarily Terminated,Terminated,1,relocation out of area,63478,Fully Meets,3,3.03,5,0,16,0,Indeed,40,0.6,MA,Married,White,1
10112,"Horton, Jayne",F,IT/IS,Database Administrator,Simon Roup,2015-03-30,,2015,2015-03,Active,Active,0,N/A-StillEmployed,97999,Fully Meets,3,4.48,5,0,4,6,Indeed,40,8.8,MA,Single,White,0
10272,"Houlihan, Debra",F,Sales,Director of Sales,Janet King,2014-05-05,,2014,2014-05,Active,Active,0,N/A-StillEmployed,180000,Fully Meets,3,4.5,4,0,19,0,LinkedIn,-42,9.7,RI,Married,White,0
10182,"Howard, Estelle",F,Admin Offices,Administrative Assistant,Brandon R. LeBlanc,2015-02-16,2015-04-15,2015,2015-02,Terminated for Cause,Terminated,1,"no-call, no-show",49920,Fully Meets,3,3.24,3,0,6,4,Indeed,38,0.2,MA,Married,Black or African American,1
10248,"Hudson, Jane",F,Production       ,Production Technician I,Ketsia Liebig,2012-02-20,,2012,2012-02,Active,Active,0,N/A-StillEmployed,55425,Fully Meets,3,4.8,4,0,4,0,LinkedIn,38,11.9,MA,Single,White,0
10201,"Hunts, Julissa",F,Production       ,Production Technician II,Elijiah Gray,2016-06-06,,2016,2016-06,Active,Active,0,N/A-StillEmployed,69340,Fully Meets,3,3.0,5,0,4,0,LinkedIn,40,7.6,MA,Single,White,0
10214,"Hutter, Rosalie",F,Production       ,Production Technician II,Webster Butler,2015-06-05,,2015,2015-06,Active,Active,0,N/A-StillEmployed,64995,Fully Meets,3,4.5,3,0,6,0,Indeed,32,8.6,MA,Separated,White,0
10160,"Huynh, Ming",F,Production       ,Production Technician II,Amy Dunn,2011-02-21,2013-04-01,2011,2011-02,Voluntarily Terminated,Terminated,1,unhappy,68182,Fully Meets,3,3.72,3,0,18,0,Google Search,47,2.1,MA,Divorced,White,1
10289,"Immediato, Walter",M ,Production       ,Production Manager,Janet King,2011-02-21,2012-09-24,2011,2011-02,Voluntarily Terminated,Terminated,1,unhappy,83082,Needs Improvement,2,2.34,2,3,4,0,Indeed,47,1.6,MA,Married,Asian,1
10139,"Ivey, Rose ",F,Production       ,Production Technician I,Brannon Miller,2013-08-19,,2013,2013-08,Active,Active,0,N/A-StillEmployed,51908,Fully Meets,3,3.99,3,0,14,0,Indeed,33,10.4,MA,Single,White,0
10227,"Jackson, Maryellen",F,Production       ,Production Technician I,David Stanley,2012-11-05,,2012,2012-11,Active,Active,0,N/A-StillEmployed,61242,Fully Meets,3,4.1,3,0,7,0,LinkedIn,51,11.2,MA,Single,Black or African American,0
10236,"Jacobi, Hannah  ",F,Production       ,Production Technician I,Kissy Sullivan,2013-09-30,,2013,2013-09,Active,Active,0,N/A-StillEmployed,45069,Fully Meets,3,4.3,5,0,7,0,Employee Referral,-42,10.3,MA,Divorced,White,0
10009,"Jeannite, Tayana",F,Production       ,Production Technician II,Ketsia Liebig,2011-07-05,,2011,2011-07,Active,Active,0,N/A-StillEmployed,60724,Exceeds,4,4.6,4,0,11,0,LinkedIn,37,12.5,MA,Divorced,American Indian or Alaska Native,0
10060,"Jhaveri, Sneha  ",F,Production       ,Production Technician I,Kelley Spirea,2014-01-06,,2014,2014-01,Active,Active,0,N/A-StillEmployed,60436,Fully Meets,3,5.0,5,0,9,0,LinkedIn,-40,10.0,MA,Separated,White,0
10034,"Johnson, George",M ,Production       ,Production Technician I,Michael Albert,2011-11-07,2018-04-29,2011,2011-11,Voluntarily Terminated,Terminated,1,more money,46837,Exceeds,4,4.7,4,0,9,0,CareerBuilder,-36,6.5,MA,Married,White,1
10156,"Johnson, Noelle ",F,IT/IS,Database Administrator,Simon Roup,2015-01-05,,2015,2015-01,Active,Active,0,N/A-StillEmployed,105700,Fully Meets,3,3.75,3,0,2,5,Indeed,37,9.0,MA,Married,Asian,0
10036,"Johnston, Yen",F,Production       ,Production Technician II,Brannon Miller,2014-07-07,,2014,2014-07,Active,Active,0,N/A-StillEmployed,63322,Exceeds,4,4.3,3,0,1,0,LinkedIn,54,9.5,MA,Single,White,0
10138,"Jung, Judy  ",F,Production       ,Production Technician I,Elijiah Gray,2011-01-10,2016-04-01,2011,2011-01,Voluntarily Terminated,Terminated,1,unhappy,61154,Fully Meets,3,4.0,4,0,4,0,CareerBuilder,38,5.2,MA,Married,Black or African American,1
10244,"Kampew, Donysha",F,Sales,Sales Manager,Debra Houlihan,2011-11-07,2014-04-24,2011,2011-11,Voluntarily Terminated,Terminated,1,maternity leave - did not return,68999,Fully Meets,3,4.5,5,0,2,0,Google Search,34,2.5,PA,Single,White,1
10192,"Keatts, Kramer ",M ,Production       ,Production Technician I,Michael Albert,2013-09-30,,2013,2013-09,Active,Active,0,N/A-StillEmployed,50482,Fully Meets,3,3.07,4,0,10,0,Indeed,48,10.3,MA,Single,White,0
10231,"Khemmich, Bartholemew",M ,Sales,Area Sales Manager,Lynn Daneault,2013-08-19,,2013,2013-08,Active,Active,0,N/A-StillEmployed,65310,Fully Meets,3,4.3,5,0,13,0,Indeed,44,10.4,CO,Single,White,0
10089,"King, Janet",F,Executive Office,President & CEO,Board of Directors,2012-07-02,,2012,2012-07,Active,Active,0,N/A-StillEmployed,250000,Fully Meets,3,4.83,3,0,10,0,Indeed,-31,11.5,MA,Married,White,0
10166,"Kinsella, Kathleen  ",F,Production       ,Production Technician I,Webster Butler,2011-09-26,2015-06-04,2011,2011-09,Voluntarily Terminated,Terminated,1,more money,54005,Fully Meets,3,3.6,5,0,16,0,Google Search,50,3.7,MA,Married,White,1
10170,"Kirill, Alexandra  ",F,Production       ,Production Technician I,Amy Dunn,2011-09-26,2014-01-09,2011,2011-09,Voluntarily Terminated,Terminated,1,more money,45433,Fully Meets,3,3.49,4,0,6,0,Google Search,53,2.3,MA,Married,White,1
10208,"Knapp, Bradley  J",M ,Production       ,Production Technician I,Ketsia Liebig,2014-02-17,,2014,2014-02,Active,Active,0,N/A-StillEmployed,46654,Fully Meets,3,3.1,3,0,3,0,LinkedIn,46,9.9,MA,Single,Black or African American,0
10176,"Kretschmer, John",M ,Production       ,Production Technician I,Brannon Miller,2011-01-10,,2011,2011-01,Active,Active,0,N/A-StillEmployed,63973,Fully Meets,3,3.38,3,0,17,0,Indeed,44,13.0,MA,Married,Asian,0
10165,"Kreuger, Freddy",M ,Sales,Area Sales Manager,John Smith,2011-03-07,,2011,2011-03,Active,Active,0,N/A-StillEmployed,71339,Fully Meets,3,3.65,5,0,20,0,Diversity Job Fair,55,12.8,NY,Single,Black or African American,0
10113,"Lajiri,  Jyoti",M ,IT/IS,Sr. Network Engineer,Peter Monroe,2014-11-10,,2014,2014-11,Active,Active,0,N/A-StillEmployed,93206,Fully Meets,3,4.46,5,0,7,6,Employee Referral,38,9.1,MA,Married,White,0
10092,"Landa, Hans",M ,Production       ,Production Manager,Janet King,2011-01-10,2015-12-12,2011,2011-01,Terminated for Cause,Terminated,1,attendance,82758,Fully Meets,3,4.78,4,0,9,0,Employee Referral,52,4.9,MA,Married,White,1
10106,"Langford, Lindsey",F,Production       ,Production Technician II,David Stanley,2013-01-07,2014-03-31,2013,2013-01,Voluntarily Terminated,Terminated,1,Another position,66074,Fully Meets,3,4.52,3,0,20,0,Indeed,44,1.2,MA,Divorced,Asian,1
10052,"Langton, Enrico",M ,Production       ,Production Technician I,David Stanley,2012-07-09,,2012,2012-07,Active,Active,0,N/A-StillEmployed,46120,Fully Meets,3,5.0,5,0,13,0,LinkedIn,37,11.5,MA,Married,White,0
10038,"LaRotonda, William  ",M ,Admin Offices,Accountant I,Brandon R. LeBlanc,2014-01-06,,2014,2014-01,Active,Active,0,N/A-StillEmployed,64520,Fully Meets,3,5.0,4,0,3,4,Website,40,10.0,MA,Divorced,Black or African American,0
10249,"Latif, Mohammed",M ,Production       ,Production Technician II,Kissy Sullivan,2012-04-02,2013-04-15,2012,2012-04,Voluntarily Terminated,Terminated,1,more money,61962,Fully Meets,3,4.9,3,0,20,0,Google Search,40,1.0,MA,Married,White,1
10232,"Le, Binh",F,IT/IS,Senior BI Developer,Brian Champaigne,2016-10-02,,2016,2016-10,Active,Active,0,N/A-StillEmployed,81584,Fully Meets,3,4.1,5,0,2,7,Indeed,37,7.2,MA,Single,Asian,0
10087,"Leach, Dallas",F,Production       ,Production Technician I,Kissy Sullivan,2011-09-26,2018-08-19,2011,2011-09,Voluntarily Terminated,Terminated,1,return to school,63676,Fully Meets,3,4.88,3,0,17,0,CareerBuilder,45,6.9,MA,Single,Asian,1
10134,"LeBlanc, Brandon  R",M ,Admin Offices,Shared Services Manager,Janet King,2016-01-05,,2016,2016-01,Active,Active,0,N/A-StillEmployed,93046,Fully Meets,3,4.1,4,0,20,0,CareerBuilder,40,8.0,MA,Married,White,0
10251,"Lecter, Hannibal",M ,Production       ,Production Technician I,Elijiah Gray,2012-05-14,,2012,2012-05,Active,Active,0,N/A-StillEmployed,64738,Fully Meets,3,4.1,3,0,10,0,Google Search,41,11.6,MA,Married,Asian,0
10103,"Leruth, Giovanni",M ,Sales,Area Sales Manager,John Smith,2012-04-30,,2012,2012-04,Active,Active,0,N/A-StillEmployed,70468,Fully Meets,3,4.53,3,0,16,0,Website,35,11.7,UT,Separated,Black or African American,0
10017,"Liebig, Ketsia",F,Production       ,Production Manager,Janet King,2013-09-30,,2013,2013-09,Active,Active,0,N/A-StillEmployed,77915,Exceeds,4,4.1,3,0,11,0,Website,42,10.3,MA,Married,White,0
10186,"Linares, Marilyn ",F,Production       ,Production Technician I,Michael Albert,2011-07-05,2018-09-26,2011,2011-07,Voluntarily Terminated,Terminated,1,unhappy,52624,Fully Meets,3,3.18,4,0,16,0,Indeed,43,7.2,MA,Married,White,1
10137,"Linden, Mathew",M ,Production       ,Production Technician II,Kelley Spirea,2013-07-08,,2013,2013-07,Active,Active,0,N/A-StillEmployed,63450,Fully Meets,3,4.0,3,0,7,0,LinkedIn,45,10.5,MA,Married,White,0
10008,"Lindsay, Leonara ",F,IT/IS,IT Support,Eric Dougall,2011-01-21,,2011,2011-01,Active,Active,0,N/A-StillEmployed,51777,Exceeds,4,4.64,4,0,14,5,Diversity Job Fair,35,12.9,CT,Single,Black or African American,0
10096,"Lundy, Susan",F,Production       ,Production Technician II,Michael Albert,2013-07-08,2016-09-15,2013,2013-07,Voluntarily Terminated,Terminated,1,more money,67237,Fully Meets,3,4.65,4,0,15,0,LinkedIn,47,3.2,MA,Widowed,White,1
10035,"Lunquist, Lisa",F,Production       ,Production Technician II,Elijiah Gray,2013-08-19,,2013,2013-08,Active,Active,0,N/A-StillEmployed,73330,Exceeds,4,4.2,4,0,19,0,Indeed,42,10.4,MA,Single,Black or African American,0
10057,"Lydon, Allison",F,Production       ,Production Technician I,Elijiah Gray,2015-02-16,,2015,2015-02,Active,Active,0,N/A-StillEmployed,52057,Fully Meets,3,5.0,3,0,6,0,Website,48,8.9,MA,Married,Black or African American,0
10004,"Lynch, Lindsay",F,Production       ,Production Technician I,Webster Butler,2011-11-07,2015-11-14,2011,2011-11,Voluntarily Terminated,Terminated,1,Another position,47434,Exceeds,4,5.0,4,0,17,0,Diversity Job Fair,51,4.0,MA,Single,Black or African American,1
10191,"MacLennan, Samuel",M ,Production       ,Production Technician I,Amy Dunn,2012-09-24,2017-09-26,2012,2012-09,Voluntarily Terminated,Terminated,1,hours,52788,Fully Meets,3,3.08,4,0,18,0,Indeed,51,5.0,MA,Widowed,White,1
10219,"Mahoney, Lauren  ",F,Production       ,Production Technician I,Ketsia Liebig,2014-01-06,,2014,2014-01,Active,Active,0,N/A-StillEmployed,45395,Fully Meets,3,4.6,4,0,14,0,LinkedIn,37,10.0,MA,Single,White,0
10077,"Manchester, Robyn",F,Production       ,Production Technician II,Webster Butler,2016-05-11,,2016,2016-05,Active,Active,0,N/A-StillEmployed,62385,Fully Meets,3,5.0,3,0,4,0,LinkedIn,47,7.6,MA,Married,White,0
10073,"Mancuso, Karen",F,Production       ,Production Technician II,Amy Dunn,2011-07-05,2012-08-19,2011,2011-07,Voluntarily Terminated,Terminated,1,Another position,68407,Fully Meets,3,5.0,4,0,16,0,LinkedIn,37,1.1,MA,Married,Two or more races,1
10279,"Mangal, Debbie",F,Production       ,Production Technician I,Brannon Miller,2013-11-11,,2013,2013-11,Active,Active,0,N/A-StillEmployed,61349,Fully Meets,3,4.1,3,0,11,0,LinkedIn,49,10.1,MA,Married,White,0
10110,"Martin, Sandra",F,Software Engineering,Software Engineer,Alex Sweetwater,2013-11-11,,2013,2013-11,Active,Active,0,N/A-StillEmployed,105688,Fully Meets,3,4.5,5,0,14,4,Google Search,36,10.1,MA,Single,Asian,0
10053,"Maurice, Shana",F,Production       ,Production Technician I,David Stanley,2011-05-31,,2011,2011-05,Active,Active,0,N/A-StillEmployed,54132,Fully Meets,3,5.0,4,0,8,0,Indeed,46,12.6,MA,Married,White,0
10076,"Carthy, B'rigit",F,Production       ,Production Technician II,Ketsia Liebig,2015-03-30,,2015,2015-03,Active,Active,0,N/A-StillEmployed,55315,Fully Meets,3,5.0,5,0,16,0,LinkedIn,37,8.8,MA,Single,Black or African American,0
10145,"Mckenna, Sandy",F,Production       ,Production Technician I,Kissy Sullivan,2013-01-07,,2013,2013-01,Active,Active,0,N/A-StillEmployed,62810,Fully Meets,3,3.93,3,0,20,0,CareerBuilder,37,11.0,MA,Married,Black or African American,0
10202,"McKinzie, Jac",M ,Sales,Area Sales Manager,Lynn Daneault,2016-07-06,,2016,2016-07,Active,Active,0,N/A-StillEmployed,63291,Fully Meets,3,3.4,4,0,7,0,Website,40,7.5,TX,Married,Two or more races,0
10128,"Meads, Elizabeth",F,Production       ,Production Technician I,Kelley Spirea,2012-04-02,2016-11-11,2012,2012-04,Voluntarily Terminated,Terminated,1,Another position,62659,Fully Meets,3,4.18,4,0,17,0,Diversity Job Fair,-44,4.6,MA,Single,Black or African American,1
10068,"Medeiros, Jennifer",F,Production       ,Production Technician I,Michael Albert,2015-03-30,,2015,2015-03,Active,Active,0,N/A-StillEmployed,55688,Fully Meets,3,5.0,4,0,10,0,CareerBuilder,47,8.8,MA,Single,White,0
10116,"Miller, Brannon",M ,Production       ,Production Manager,Janet King,2012-08-16,,2012,2012-08,Active,Active,0,N/A-StillEmployed,83667,Fully Meets,3,4.37,3,0,2,0,Indeed,42,11.4,MA,Single,Hispanic,0
10298,"Miller, Ned",M ,Production       ,Production Technician II,Brannon Miller,2011-08-15,2014-09-04,2011,2011-08,Voluntarily Terminated,Terminated,1,unhappy,55800,PIP,1,3.0,2,6,6,0,LinkedIn,39,3.1,MA,Single,White,1
10213,"Monkfish, Erasumus",M ,Production       ,Production Technician II,David Stanley,2011-11-07,,2011,2011-11,Active,Active,0,N/A-StillEmployed,58207,Fully Meets,3,3.7,3,0,14,0,LinkedIn,31,12.2,MA,Married,White,0
10288,"Monroe, Peter",M ,IT/IS,IT Manager - Infra,Jennifer Zamora,2012-02-15,,2012,2012-02,Active,Active,0,N/A-StillEmployed,157000,Needs Improvement,2,2.39,3,4,13,6,Diversity Job Fair,37,11.9,MA,Married,Black or African American,0
10025,"Monterro, Luisa",F,Production       ,Production Technician II,Kissy Sullivan,2013-05-13,,2013,2013-05,Active,Active,0,N/A-StillEmployed,72460,Exceeds,4,4.7,3,0,1,0,Indeed,54,10.6,MA,Single,Black or African American,0
10223,"Moran, Patrick",M ,Production       ,Production Technician II,Kelley Spirea,2012-01-09,,2012,2012-01,Active,Active,0,N/A-StillEmployed,72106,Fully Meets,3,4.1,4,0,12,0,Diversity Job Fair,47,12.0,MA,Single,Black or African American,0
10151,"Morway, Tanya",F,IT/IS,Network Engineer,Peter Monroe,2015-02-16,,2015,2015-02,Active,Active,0,N/A-StillEmployed,52599,Fully Meets,3,3.81,3,0,6,6,CareerBuilder,45,8.9,MA,Married,White,0
10254,"Motlagh,  Dawn",F,Production       ,Production Technician I,Elijiah Gray,2013-04-01,,2013,2013-04,Active,Active,0,N/A-StillEmployed,63430,Fully Meets,3,4.4,4,0,18,0,LinkedIn,39,10.8,MA,Divorced,White,0
10120,"Moumanil, Maliki ",M ,Production       ,Production Technician II,Michael Albert,2013-05-13,,2013,2013-05,Active,Active,0,N/A-StillEmployed,74417,Fully Meets,3,4.29,5,0,11,0,LinkedIn,49,10.6,MA,Separated,Black or African American,0
10216,"Myers, Michael",M ,Production       ,Production Technician I,Kissy Sullivan,2013-07-08,,2013,2013-07,Active,Active,0,N/A-StillEmployed,57575,Fully Meets,3,4.1,4,0,13,0,LinkedIn,44,10.5,MA,Single,Asian,0
10079,"Navathe, Kurt",M ,IT/IS,Senior BI Developer,Brian Champaigne,2017-02-10,,2017,2017-02,Active,Active,0,N/A-StillEmployed,87921,Fully Meets,3,5.0,3,0,17,6,Indeed,54,6.9,MA,Single,Asian,0
10215,"Ndzi, Colombui",M ,Production       ,Production Technician I,Webster Butler,2011-09-26,2014-04-04,2011,2011-09,Voluntarily Terminated,Terminated,1,return to school,50470,Fully Meets,3,4.3,3,0,19,0,Diversity Job Fair,35,2.5,MA,Single,Black or African American,1
10185,"Ndzi, Horia",M ,Production       ,Production Technician I,Amy Dunn,2013-04-01,2016-05-25,2013,2013-04,Voluntarily Terminated,Terminated,1,more money,46664,Fully Meets,3,3.18,3,0,10,0,Employee Referral,41,3.1,MA,Married,White,1
10063,"Newman, Richard ",M ,Production       ,Production Technician I,Ketsia Liebig,2014-05-12,,2014,2014-05,Active,Active,0,N/A-StillEmployed,48495,Fully Meets,3,5.0,5,0,11,0,LinkedIn,47,9.6,MA,Married,White,0
10037,"Ngodup, Shari ",F,Production       ,Production Technician I,Brannon Miller,2013-04-01,,2013,2013-04,Active,Active,0,N/A-StillEmployed,52984,Exceeds,4,4.0,3,0,12,0,Diversity Job Fair,-43,10.8,MA,Separated,Black or African American,0
10042,"Nguyen, Dheepa",F,Sales,Area Sales Manager,Lynn Daneault,2013-07-08,,2013,2013-07,Active,Active,0,N/A-StillEmployed,63695,Fully Meets,3,5.0,5,0,2,0,Indeed,35,10.5,GA,Single,Two or more races,0
10206,"Nguyen, Lei-Ming",F,Production       ,Production Technician I,David Stanley,2013-07-08,,2013,2013-07,Active,Active,0,N/A-StillEmployed,62061,Fully Meets,3,3.6,5,0,4,0,LinkedIn,39,10.5,MA,Single,White,0
10104,"Nowlan, Kristie",F,Production       ,Production Technician II,Elijiah Gray,2014-11-10,,2014,2014-11,Active,Active,0,N/A-StillEmployed,66738,Fully Meets,3,4.53,5,0,5,0,Indeed,38,9.1,MA,Single,White,0
10303,"O'hare, Lynn",F,Production       ,Production Technician I,Kissy Sullivan,2014-03-31,2018-05-01,2014,2014-03,Terminated for Cause,Terminated,1,performance,52674,PIP,1,2.33,2,6,3,0,LinkedIn,43,4.1,MA,Single,Two or more races,1
10078,"Oliver, Brooke ",F,Production       ,Production Technician II,Webster Butler,2012-05-14,2013-08-19,2012,2012-05,Voluntarily Terminated,Terminated,1,unhappy,71966,Fully Meets,3,5.0,3,0,17,0,LinkedIn,-28,1.3,MA,Married,Asian,1
10121,"Onque, Jasmine",F,Sales,Area Sales Manager,Lynn Daneault,2013-09-30,,2013,2013-09,Active,Active,0,N/A-StillEmployed,63051,Fully Meets,3,4.28,3,0,1,0,Indeed,34,10.3,FL,Single,White,0
10021,"Osturnka, Adeel",M ,Production       ,Production Technician I,Kelley Spirea,2013-09-30,,2013,2013-09,Active,Active,0,N/A-StillEmployed,47414,Exceeds,4,5.0,3,0,13,0,LinkedIn,47,10.3,MA,Married,White,0
10281,"Owad, Clinton",M ,Production       ,Production Technician I,Michael Albert,2014-02-17,,2014,2014-02,Active,Active,0,N/A-StillEmployed,53060,Needs Improvement,2,4.25,3,4,6,0,LinkedIn,44,9.9,MA,Single,Black or African American,0
10041,"Ozark, Travis",M ,Sales,Area Sales Manager,John Smith,2015-01-05,,2015,2015-01,Active,Active,0,N/A-StillEmployed,68829,Fully Meets,3,5.0,5,0,18,0,Website,42,9.0,NC,Single,White,0
10148,"Panjwani, Nina",F,Production       ,Production Technician I,Elijiah Gray,2011-02-07,2014-01-12,2011,2011-02,Voluntarily Terminated,Terminated,1,Another position,63515,Fully Meets,3,3.89,4,0,7,0,Google Search,45,2.9,MA,Married,White,1
10005,"Patronick, Lucas",M ,Software Engineering,Software Engineer,Alex Sweetwater,2011-11-07,2015-09-07,2011,2011-11,Voluntarily Terminated,Terminated,1,Another position,108987,Exceeds,4,5.0,5,0,13,3,Diversity Job Fair,45,3.8,MA,Single,Black or African American,1
10259,"Pearson, Randall",M ,IT/IS,Data Analyst,Simon Roup,2014-12-01,2016-05-01,2014,2014-12,Voluntarily Terminated,Terminated,1,performance,93093,Fully Meets,3,4.7,4,0,19,5,Employee Referral,39,1.4,MA,Married,White,1
10286,"Smith, Martin",M ,Production       ,Production Technician I,Webster Butler,2011-01-10,2017-12-28,2011,2011-01,Voluntarily Terminated,Terminated,1,career change,53564,Needs Improvement,2,3.54,5,4,15,0,Google Search,36,7.0,MA,Single,Black or African American,1
10297,"Pelletier, Ermine",F,Production       ,Production Technician II,Amy Dunn,2011-07-05,2015-09-15,2011,2011-07,Voluntarily Terminated,Terminated,1,unhappy,60270,Needs Improvement,2,2.4,5,5,2,0,CareerBuilder,34,4.2,MA,Married,Asian,1
10171,"Perry, Shakira",F,Production       ,Production Technician I,Amy Dunn,2011-05-16,2015-10-25,2011,2011-05,Voluntarily Terminated,Terminated,1,medical issues,45998,Fully Meets,3,3.45,4,0,5,0,LinkedIn,37,4.4,MA,Single,White,1
10032,"Peters, Lauren",F,Production       ,Production Technician II,Ketsia Liebig,2011-05-16,2013-02-04,2011,2011-05,Voluntarily Terminated,Terminated,1,more money,57954,Exceeds,4,4.2,5,0,12,0,Indeed,37,1.7,MA,Married,White,1
10130,"Peterson, Ebonee  ",F,Production       ,Production Manager,Janet King,2010-10-25,2016-05-18,2010,2010-10,Voluntarily Terminated,Terminated,1,Another position,74669,Fully Meets,3,4.16,5,0,6,0,Indeed,47,5.6,MA,Married,White,1
10217,"Petingill, Shana  ",F,Production       ,Production Technician II,Brannon Miller,2012-04-02,,2012,2012-04,Active,Active,0,N/A-StillEmployed,74226,Fully Meets,3,4.3,3,0,14,0,LinkedIn,45,11.7,MA,Married,Asian,0
10016,"Petrowsky, Thelma",F,IT/IS,Data Analyst,Simon Roup,2014-11-10,,2014,2014-11,Active,Active,0,N/A-StillEmployed,93554,Exceeds,4,4.6,5,0,16,7,Employee Referral,39,9.1,MA,Married,Black or African American,0
10050,"Pham, Hong",M ,Production       ,Production Technician I,Brannon Miller,2011-07-05,2012-11-30,2011,2011-07,Voluntarily Terminated,Terminated,1,more money,64724,Fully Meets,3,5.0,3,0,13,0,Google Search,36,1.4,MA,Married,Asian,1
10164,"Pitt, Brad ",M ,Production       ,Production Technician I,David Stanley,2007-11-05,,2007,2007-11,Active,Active,0,N/A-StillEmployed,47001,Fully Meets,3,3.66,3,0,15,0,Google Search,42,16.2,MA,Single,White,0
10124,"Potts, Xana",F,Sales,Area Sales Manager,Lynn Daneault,2012-01-09,,2012,2012-01,Active,Active,0,N/A-StillEmployed,61844,Fully Meets,3,4.2,5,0,9,0,Website,35,12.0,KY,Married,Black or African American,0
10187,"Power, Morissa",F,Production       ,Production Technician I,Kissy Sullivan,2011-05-16,2018-06-04,2011,2011-05,Voluntarily Terminated,Terminated,1,Another position,46799,Fully Meets,3,3.17,4,0,14,0,Google Search,39,7.1,MA,Divorced,Asian,1
10225,"Punjabhi, Louis  ",M ,Production       ,Production Technician I,Kelley Spirea,2014-01-06,,2014,2014-01,Active,Active,0,N/A-StillEmployed,59472,Fully Meets,3,4.8,3,0,14,0,Employee Referral,-37,10.0,MA,Single,White,0
10262,"Purinton, Janine",F,Production       ,Production Technician I,Kissy Sullivan,2012-09-24,2013-06-18,2012,2012-09,Voluntarily Terminated,Terminated,1,unhappy,46430,Fully Meets,3,4.5,5,0,16,0,Indeed,53,0.7,MA,Divorced,White,1
10131,"Quinn, Sean",M ,Software Engineering,Software Engineer,Janet King,2011-02-21,2015-08-15,2011,2011-02,Voluntarily Terminated,Terminated,1,career change,83363,Fully Meets,3,4.15,4,0,4,0,Diversity Job Fair,39,4.5,MA,Married,Black or African American,1
10239,"Rachael, Maggie",F,IT/IS,BI Developer,Brian Champaigne,2016-10-02,,2016,2016-10,Active,Active,0,N/A-StillEmployed,95920,Fully Meets,3,4.4,4,0,10,6,Indeed,44,7.2,MA,Married,Black or African American,0
10152,"Rarrick, Quinn",M ,Production       ,Production Technician I,Michael Albert,2011-09-26,2018-04-07,2011,2011-09,Voluntarily Terminated,Terminated,1,more money,61729,Fully Meets,3,3.8,5,0,19,0,Indeed,39,6.5,MA,Divorced,White,1
10140,"Ren, Kylo",M ,Sales,Area Sales Manager,John Smith,2014-05-12,,2014,2014-05,Active,Active,0,N/A-StillEmployed,61809,Fully Meets,3,3.98,3,0,4,0,CareerBuilder,-31,9.6,ID,Married,White,0
10058,"Rhoads, Thomas",M ,Production       ,Production Technician I,Elijiah Gray,2011-05-16,2016-01-15,2011,2011-05,Voluntarily Terminated,Terminated,1,retiring,45115,Fully Meets,3,5.0,4,0,11,0,LinkedIn,41,4.7,MA,Divorced,White,1
10011,"Rivera, Haley  ",F,Production       ,Production Technician I,Webster Butler,2011-11-28,,2011,2011-11,Active,Active,0,N/A-StillEmployed,46738,Exceeds,4,4.36,5,0,16,0,Google Search,51,12.1,MA,Married,Asian,0
10230,"Roberson, May",F,Production       ,Production Technician II,David Stanley,2011-09-26,2011-10-22,2011,2011-09,Voluntarily Terminated,Terminated,1,return to school,64971,Fully Meets,3,4.5,4,0,10,0,Google Search,42,0.1,MA,Divorced,Black or African American,1
10224,"Robertson, Peter",M ,Production       ,Production Technician II,Kissy Sullivan,2011-07-05,2012-02-08,2011,2011-07,Voluntarily Terminated,Terminated,1,Another position,55578,Fully Meets,3,4.2,5,0,13,0,Indeed,51,0.6,MA,Married,White,1
10047,"Robinson, Alain  ",M ,Production       ,Production Technician I,Amy Dunn,2011-01-10,2016-01-26,2011,2011-01,Voluntarily Terminated,Terminated,1,attendance,50428,Fully Meets,3,5.0,3,0,11,0,Indeed,50,5.0,MA,Married,Black or African American,1
10285,"Robinson, Cherly",F,Production       ,Production Technician I,Ketsia Liebig,2011-01-10,2016-05-17,2011,2011-01,Terminated for Cause,Terminated,1,attendance,61422,Needs Improvement,2,3.6,3,4,16,0,Indeed,39,5.3,MA,Married,White,1
10020,"Robinson, Elias",M ,Production       ,Production Technician I,Brannon Miller,2013-07-08,,2013,2013-07,Active,Active,0,N/A-StillEmployed,63353,Exceeds,4,3.6,5,0,4,0,Employee Referral,39,10.5,MA,Widowed,White,0
10162,"Roby, Lori ",F,IT/IS,Data Analyst,Simon Roup,2015-02-16,,2015,2015-02,Active,Active,0,N/A-StillEmployed,89883,Fully Meets,3,3.69,5,0,15,6,Employee Referral,42,8.9,MA,Married,White,0
10149,"Roehrich, Bianca",F,IT/IS,Principal Data Architect,Simon Roup,2015-01-05,2018-11-10,2015,2015-01,Voluntarily Terminated,Terminated,1,Another position,120000,Fully Meets,3,3.88,3,0,12,7,LinkedIn,51,3.8,MA,Single,White,1
10086,"Roper, Katie",F,IT/IS,Data Architect,Brian Champaigne,2017-01-07,,2017,2017-01,Active,Active,0,N/A-StillEmployed,150290,Fully Meets,3,4.94,3,0,17,5,Indeed,51,7.0,MA,Single,Black or African American,0
10054,"Rose, Ashley  ",F,Production       ,Production Technician I,David Stanley,2014-01-06,,2014,2014-01,Active,Active,0,N/A-StillEmployed,60627,Fully Meets,3,5.0,4,0,8,0,Website,49,10.0,MA,Separated,White,0
10065,"Rossetti, Bruno",M ,Production       ,Production Technician I,Kissy Sullivan,2011-04-04,2018-08-13,2011,2011-04,Voluntarily Terminated,Terminated,1,Another position,53180,Fully Meets,3,5.0,5,0,4,0,Google Search,37,7.4,MA,Single,White,1
10198,"Roup,Simon",M ,IT/IS,IT Manager - DB,Jennifer Zamora,2013-01-20,,2013,2013-01,Active,Active,0,N/A-StillEmployed,140920,Fully Meets,3,3.6,5,0,13,7,Indeed,51,10.9,MA,Single,White,0
10222,"Ruiz, Ricardo",M ,IT/IS,IT Manager - DB,Jennifer Zamora,2012-01-09,2015-11-04,2012,2012-01,Voluntarily Terminated,Terminated,1,hours,148999,Fully Meets,3,4.3,4,0,8,6,Diversity Job Fair,-40,3.8,MA,Divorced,Black or African American,1
10126,"Saada, Adell",F,Software Engineering,Software Engineer,Alex Sweetwater,2012-11-05,,2012,2012-11,Active,Active,0,N/A-StillEmployed,86214,Fully Meets,3,4.2,3,0,2,6,Indeed,37,11.2,MA,Married,White,0
10295,"Saar-Beckles, Melinda",F,Production       ,Production Technician I,Kelley Spirea,2016-07-04,,2016,2016-07,Active,Active,0,N/A-StillEmployed,47750,Needs Improvement,2,2.6,4,5,4,0,Diversity Job Fair,-44,7.5,MA,Single,Black or African American,0
10260,"Sadki, Nore  ",M ,Production       ,Production Technician I,Michael Albert,2009-01-05,2018-07-30,2009,2009-01,Voluntarily Terminated,Terminated,1,relocation out of area,46428,Fully Meets,3,4.6,5,0,7,0,Google Search,49,9.6,MA,Single,White,1
10233,"Sahoo, Adil",M ,Production       ,Production Technician II,Kelley Spirea,2010-08-30,,2010,2010-08,Active,Active,0,N/A-StillEmployed,57975,Fully Meets,3,4.1,3,0,13,0,CareerBuilder,38,13.3,MA,Married,White,0
10229,"Salter, Jason",M ,IT/IS,Data Analyst ,Simon Roup,2015-01-05,2015-10-31,2015,2015-01,Voluntarily Terminated,Terminated,1,hours,88527,Fully Meets,3,4.2,3,0,2,5,LinkedIn,36,0.8,MA,Divorced,Black or African American,1
10169,"Sander, Kamrin",F,Production       ,Production Technician I,Elijiah Gray,2014-09-29,,2014,2014-09,Active,Active,0,N/A-StillEmployed,56147,Fully Meets,3,3.51,3,0,2,0,LinkedIn,35,9.3,MA,Married,Black or African American,0
10071,"Sewkumar, Nori",F,Production       ,Production Technician I,Webster Butler,2013-09-30,,2013,2013-09,Active,Active,0,N/A-StillEmployed,50923,Fully Meets,3,5.0,5,0,14,0,Google Search,49,10.3,MA,Single,Asian,0
10179,"Shepard, Anita ",F,IT/IS,Network Engineer,Peter Monroe,2014-09-30,,2014,2014-09,Active,Active,0,N/A-StillEmployed,50750,Fully Meets,3,3.31,3,0,7,6,LinkedIn,43,9.3,MA,Married,White,0
10091,"Shields, Seffi",F,Production       ,Production Technician I,Amy Dunn,2013-08-19,,2013,2013-08,Active,Active,0,N/A-StillEmployed,52087,Fully Meets,3,4.81,4,0,15,0,LinkedIn,38,10.4,MA,Married,White,0
10178,"Simard, Kramer",M ,IT/IS,Data Analyst,Simon Roup,2015-01-05,,2015,2015-01,Active,Active,0,N/A-StillEmployed,87826,Fully Meets,3,3.32,3,0,16,7,Employee Referral,54,9.0,MA,Married,White,0
10039,"Singh, Nan ",F,Admin Offices,Administrative Assistant,Brandon R. LeBlanc,2015-05-01,,2015,2015-05,Active,Active,0,N/A-StillEmployed,51920,Fully Meets,3,5.0,3,0,2,5,Website,36,8.7,MA,Single,White,0
10095,"Sloan, Constance",F,Production       ,Production Technician II,Michael Albert,2009-10-26,2015-04-08,2009,2009-10,Voluntarily Terminated,Terminated,1,maternity leave - did not return,63878,Fully Meets,3,4.68,4,0,20,0,CareerBuilder,36,5.4,MA,Single,White,1
10027,"Smith, Joe",M ,Production       ,Production Technician II,Elijiah Gray,2014-09-29,,2014,2014-09,Active,Active,0,N/A-StillEmployed,60656,Exceeds,4,4.3,3,0,4,0,Indeed,-40,9.3,MA,Single,White,0
10291,"Smith, John",M ,Sales,Sales Manager,Debra Houlihan,2014-05-18,,2014,2014-05,Active,Active,0,N/A-StillEmployed,72992,Needs Improvement,2,2.4,4,2,16,0,Diversity Job Fair,39,9.6,MA,Divorced,Black or African American,0
10153,"Smith, Leigh Ann",F,Admin Offices,Administrative Assistant,Brandon R. LeBlanc,2011-09-26,2013-09-25,2011,2011-09,Voluntarily Terminated,Terminated,1,career change,55000,Fully Meets,3,3.8,4,0,17,4,Diversity Job Fair,37,2.0,MA,Married,Black or African American,1
10157,"Smith, Sade",F,Production       ,Production Technician I,Ketsia Liebig,2013-11-11,,2013,2013-11,Active,Active,0,N/A-StillEmployed,58939,Fully Meets,3,3.73,3,0,16,0,Employee Referral,-41,10.1,MA,Single,White,0
10119,"Soto, Julia ",F,IT/IS,IT Support,Eric Dougall,2011-06-10,,2011,2011-06,Active,Active,0,N/A-StillEmployed,66593,Fully Meets,3,4.3,3,0,19,5,LinkedIn,51,12.6,MA,Married,Black or African American,0
10180,"Soze, Keyser",M ,IT/IS,Sr. Network Engineer,Peter Monroe,2016-06-30,,2016,2016-06,Active,Active,0,N/A-StillEmployed,87565,Fully Meets,3,3.27,4,0,13,5,LinkedIn,41,7.5,MA,Married,Asian,0
10302,"Sparks, Taylor  ",F,Production       ,Production Technician I,Brannon Miller,2012-02-20,,2012,2012-02,Active,Active,0,N/A-StillEmployed,64021,PIP,1,2.4,2,6,20,1,Indeed,-45,11.9,MA,Married,White,0
10090,"Spirea, Kelley",F,Production       ,Production Manager,Janet King,2012-10-02,,2012,2012-10,Active,Active,0,N/A-StillEmployed,65714,Fully Meets,3,4.83,5,0,15,0,LinkedIn,48,11.2,MA,Married,White,0
10030,"Squatrito, Kristen",F,Production       ,Production Technician I,David Stanley,2013-05-13,2015-06-29,2013,2013-05,Voluntarily Terminated,Terminated,1,unhappy,62425,Exceeds,4,4.1,4,0,16,0,LinkedIn,51,2.1,MA,Divorced,White,1
10278,"Stanford,Barbara  M",F,Production       ,Production Technician I,Kissy Sullivan,2011-01-10,,2011,2011-01,Active,Active,0,N/A-StillEmployed,47961,Fully Meets,3,4.1,4,0,9,0,Google Search,41,13.0,MA,Divorced,Two or more races,0
10307,"Stansfield, Norman",M ,Sales,Area Sales Manager,Lynn Daneault,2014-05-12,,2014,2014-05,Active,Active,0,N/A-StillEmployed,58273,PIP,1,1.81,2,3,5,0,Website,50,9.6,NV,Married,White,0
10147,"Steans, Tyrone  ",M ,Admin Offices,Accountant I,Brandon R. LeBlanc,2014-09-29,,2014,2014-09,Active,Active,0,N/A-StillEmployed,63003,Fully Meets,3,3.9,5,0,9,5,Indeed,37,9.3,MA,Single,White,0
10266,"Stoica, Rick",M ,Production       ,Production Technician I,Kelley Spirea,2014-02-17,,2014,2014-02,Active,Active,0,N/A-StillEmployed,61355,Fully Meets,3,4.7,3,0,4,0,LinkedIn,39,9.9,MA,Married,Asian,0
10241,"Strong, Caitrin",F,Sales,Area Sales Manager,John Smith,2010-09-27,,2010,2010-09,Active,Active,0,N/A-StillEmployed,60120,Fully Meets,3,4.1,4,0,18,0,Indeed,35,13.3,MT,Married,Black or African American,0
10158,"Sullivan, Kissy ",F,Production       ,Production Manager,Janet King,2009-01-08,,2009,2009-01,Active,Active,0,N/A-StillEmployed,63682,Fully Meets,3,3.73,4,0,12,0,Indeed,46,15.0,MA,Married,Black or African American,0
10117,"Sullivan, Timothy",M ,Production       ,Production Technician I,Michael Albert,2015-01-05,,2015,2015-01,Active,Active,0,N/A-StillEmployed,63025,Fully Meets,3,4.36,5,0,10,0,Google Search,41,9.0,MA,Married,White,0
10209,"Sutwell, Barbara",F,Production       ,Production Technician I,Elijiah Gray,2012-05-14,,2012,2012-05,Active,Active,0,N/A-StillEmployed,59238,Fully Meets,3,3.4,5,0,13,0,Indeed,-45,11.6,MA,Single,Asian,0
10024,"Szabo, Andrew",M ,Software Engineering,Software Engineer,Alex Sweetwater,2014-07-07,,2014,2014-07,Active,Active,0,N/A-StillEmployed,92989,Exceeds,4,4.5,5,0,1,5,LinkedIn,41,9.5,MA,Single,White,0
10173,"Tannen, Biff",M ,IT/IS,BI Developer,Brian Champaigne,2017-04-20,,2017,2017-04,Active,Active,0,N/A-StillEmployed,90100,Fully Meets,3,3.4,3,0,14,6,Indeed,36,6.7,MA,Married,White,0
10221,"Tavares, Desiree  ",F,Production       ,Production Technician I,Webster Butler,2009-04-27,2013-04-01,2009,2009-04,Voluntarily Terminated,Terminated,1,Another position,60754,Fully Meets,3,4.5,5,0,11,0,Diversity Job Fair,49,3.9,MA,Married,Black or African American,1
10146,"Tejeda, Lenora ",F,Production       ,Production Technician II,Elijiah Gray,2011-05-16,2017-07-08,2011,2011-05,Voluntarily Terminated,Terminated,1,Another position,72202,Fully Meets,3,3.93,3,0,3,0,Google Search,-29,6.1,MA,Married,White,1
10161,"Terry, Sharlene ",F,Sales,Area Sales Manager,Lynn Daneault,2014-09-29,,2014,2014-09,Active,Active,0,N/A-StillEmployed,58370,Fully Meets,3,3.69,3,0,18,0,Indeed,-41,9.3,OR,Single,Black or African American,0
10141,"Theamstern, Sophia",F,Production       ,Production Technician I,Amy Dunn,2011-07-05,2016-09-05,2011,2011-07,Voluntarily Terminated,Terminated,1,return to school,48413,Fully Meets,3,3.98,4,0,1,0,Indeed,-41,5.2,MA,Single,White,1
10268,"Thibaud, Kenneth",M ,Production       ,Production Technician II,Webster Butler,2007-06-25,2010-08-30,2007,2007-06,Voluntarily Terminated,Terminated,1,military,67176,Fully Meets,3,4.1,4,0,15,0,Other,48,3.2,MA,Widowed,White,1
10123,"Tippett, Jeanette",F,Production       ,Production Technician I,Brannon Miller,2013-02-18,,2013,2013-02,Active,Active,0,N/A-StillEmployed,56339,Fully Meets,3,4.21,5,0,4,0,Indeed,-43,10.9,MA,Divorced,Black or African American,0
10013,"Torrence, Jack",M ,Sales,Area Sales Manager,Lynn Daneault,2006-01-09,,2006,2006-01,Active,Active,0,N/A-StillEmployed,64397,Exceeds,4,4.1,3,0,6,0,Indeed,-44,18.0,ND,Separated,White,0
10287,"Trang, Mei",F,Production       ,Production Technician I,David Stanley,2014-02-17,,2014,2014-02,Active,Active,0,N/A-StillEmployed,63025,Needs Improvement,2,2.44,5,4,18,0,LinkedIn,41,9.9,MA,Single,White,0
10044,"Tredinnick, Neville ",M ,IT/IS,Network Engineer,Peter Monroe,2015-01-05,2016-02-12,2015,2015-01,Voluntarily Terminated,Terminated,1,medical issues,75281,Fully Meets,3,5.0,3,0,11,5,CareerBuilder,36,1.1,MA,Married,White,1
10102,"True, Edward",M ,Software Engineering,Software Engineer,Alex Sweetwater,2013-02-18,2018-04-15,2013,2013-02,Voluntarily Terminated,Terminated,1,medical issues,100416,Fully Meets,3,4.6,3,0,9,4,Diversity Job Fair,41,5.2,MA,Single,Black or African American,1
10270,"Trzeciak, Cybil",F,Production       ,Production Technician II,Amy Dunn,2011-01-10,2014-07-02,2011,2011-01,Voluntarily Terminated,Terminated,1,unhappy,74813,Fully Meets,3,4.4,3,0,5,0,LinkedIn,39,3.5,MA,Single,White,1
10045,"Turpin, Jumil",M ,IT/IS,Network Engineer,Peter Monroe,2015-03-30,,2015,2015-03,Active,Active,0,N/A-StillEmployed,76029,Fully Meets,3,5.0,4,0,8,7,Employee Referral,55,8.8,MA,Married,White,0
10205,"Valentin,Jackie",F,Sales,Area Sales Manager,John Smith,2011-07-05,,2011,2011-07,Active,Active,0,N/A-StillEmployed,57859,Fully Meets,3,2.81,3,0,16,0,Indeed,33,12.5,AZ,Married,Two or more races,0
10014,"Veera, Abdellah ",M ,Production       ,Production Technician I,Kissy Sullivan,2012-08-13,2016-02-05,2012,2012-08,Voluntarily Terminated,Terminated,1,maternity leave - did not return,58523,Exceeds,4,4.5,5,0,15,0,LinkedIn,37,3.5,MA,Divorced,White,1
10144,"Vega, Vincent",M ,Production       ,Production Manager,Janet King,2011-08-01,,2011,2011-08,Active,Active,0,N/A-StillEmployed,88976,Fully Meets,3,3.93,3,0,19,0,Employee Referral,-45,12.4,MA,Divorced,White,0
10253,"Villanueva, Noah",M ,Sales,Area Sales Manager,John Smith,2012-03-05,,2012,2012-03,Active,Active,0,N/A-StillEmployed,55875,Fully Meets,3,4.5,4,0,11,0,Website,34,11.8,ME,Single,Asian,0
10118,"Voldemort, Lord",M ,IT/IS,Database Administrator,Simon Roup,2015-02-16,2017-02-22,2015,2015-02,Terminated for Cause,Terminated,1,"no-call, no-show",113999,Fully Meets,3,4.33,3,0,9,7,Employee Referral,37,2.0,MA,Married,Black or African American,1
10022,"Volk, Colleen",F,Production       ,Production Technician I,Kelley Spirea,2011-09-26,2016-02-08,2011,2011-09,Terminated for Cause,Terminated,1,gross misconduct,49773,Exceeds,4,4.3,5,0,18,0,Google Search,38,4.4,MA,Married,White,1
10183,"Von Massenbach, Anna",F,Production       ,Production Technician I,Michael Albert,2015-07-05,,2015,2015-07,Active,Active,0,N/A-StillEmployed,62068,Fully Meets,3,3.21,3,0,7,0,LinkedIn,39,8.5,MA,Single,White,0
10190,"Walker, Roger",M ,Production       ,Production Technician II,Ketsia Liebig,2014-08-18,,2014,2014-08,Active,Active,0,N/A-StillEmployed,66541,Fully Meets,3,3.11,5,0,4,0,Employee Referral,48,9.4,MA,Single,Black or African American,0
10274,"Wallace, Courtney  E",F,Production       ,Production Manager,Janet King,2011-09-26,2012-01-02,2011,2011-09,Voluntarily Terminated,Terminated,1,Another position,80512,Fully Meets,3,4.5,3,0,5,0,Diversity Job Fair,-32,0.3,MA,Married,Black or African American,1
10293,"Wallace, Theresa",F,Production       ,Production Technician I,Elijiah Gray,2012-08-13,2015-09-01,2012,2012-08,Voluntarily Terminated,Terminated,1,career change,50274,Needs Improvement,2,2.5,3,6,13,0,CareerBuilder,43,3.0,MA,Single,White,1
10172,"Wang, Charlie",M ,IT/IS,Senior BI Developer,Brian Champaigne,2017-02-15,,2017,2017-02,Active,Active,0,N/A-StillEmployed,84903,Fully Meets,3,3.42,4,0,17,7,Indeed,42,6.9,MA,Single,Asian,0
10127,"Warfield, Sarah",F,IT/IS,Sr. Network Engineer,Peter Monroe,2015-03-30,,2015,2015-03,Active,Active,0,N/A-StillEmployed,107226,Fully Meets,3,4.2,4,0,7,8,Employee Referral,46,8.8,MA,Widowed,Asian,0
10072,"Whittier, Scott",M ,Production       ,Production Technician I,Webster Butler,2011-01-10,2014-05-15,2011,2011-01,Voluntarily Terminated,Terminated,1,hours,58371,Fully Meets,3,5.0,5,0,11,0,LinkedIn,37,3.3,MA,Single,White,1
10048,"Wilber, Barry",M ,Production       ,Production Technician I,Amy Dunn,2011-05-16,2015-09-07,2011,2011-05,Voluntarily Terminated,Terminated,1,unhappy,55140,Fully Meets,3,5.0,3,0,7,0,Website,-42,4.3,MA,Married,White,1
10204,"Wilkes, Annie",F,Production       ,Production Technician I,Ketsia Liebig,2011-01-10,2012-05-14,2011,2011-01,Voluntarily Terminated,Terminated,1,Another position,58062,Fully Meets,3,3.6,5,0,9,0,Google Search,40,1.3,MA,Divorced,White,1
10264,"Williams, Jacquelyn  ",F,Production       ,Production Technician I,Ketsia Liebig,2012-01-09,2015-06-27,2012,2012-01,Voluntarily Terminated,Terminated,1,relocation out of area,59728,Fully Meets,3,4.3,4,0,16,0,Diversity Job Fair,54,3.5,MA,Single,Black or African American,1
10033,"Winthrop, Jordan  ",M ,Production       ,Production Technician II,Brannon Miller,2013-01-07,2016-02-21,2013,2013-01,Voluntarily Terminated,Terminated,1,retiring,70507,Exceeds,4,5.0,3,0,7,0,LinkedIn,-35,3.1,MA,Single,White,1
10174,"Wolk, Hang  T",F,Production       ,Production Technician II,David Stanley,2014-09-29,,2014,2014-09,Active,Active,0,N/A-StillEmployed,60446,Fully Meets,3,3.4,4,0,14,0,LinkedIn,39,9.3,MA,Single,White,0
10135,"Woodson, Jason",M ,Production       ,Production Technician II,Kissy Sullivan,2014-07-07,,2014,2014-07,Active,Active,0,N/A-StillEmployed,65893,Fully Meets,3,4.07,4,0,13,0,LinkedIn,39,9.5,MA,Single,White,0
10301,"Ybarra, Catherine ",F,Production       ,Production Technician I,Brannon Miller,2008-09-02,2015-09-29,2008,2008-09,Voluntarily Terminated,Terminated,1,Another position,48513,PIP,1,3.2,2,5,4,0,Google Search,42,7.1,MA,Single,Asian,1
10010,"Zamora, Jennifer",F,IT/IS,CIO,Janet King,2010-04-10,,2010,2010-04,Active,Active,0,N/A-StillEmployed,220450,Exceeds,4,4.6,5,0,16,6,Employee Referral,44,13.7,MA,Single,White,0
10043,"Zhou, Julia",F,IT/IS,Data Analyst,Simon Roup,2015-03-30,,2015,2015-03,Active,Active,0,N/A-StillEmployed,89292,Fully Meets,3,5.0,3,0,11,5,Employee Referral,45,8.8,MA,Single,White,0
10271,"Zima, Colleen",F,Production       ,Production Technician I,David Stanley,2014-09-29,,2014,2014-09,Active,Active,0,N/A-StillEmployed,45046,Fully Meets,3,4.5,5,0,2,0,LinkedIn,45,9.3,MA,Widowed,Asian,0
